,threshold,accuracy,balanced_accuracy,precision,recall,f1,mcc,tn,fp,fn,tp,false_positive_rate,false_negative_rate,specificity,n,positive_rate_actual,positive_rate_predicted,cost
0,0.01,0.841624,0.857628,0.736993,1.0,0.848585,0.726043,12228,4868,0,13641,0.284745,0.0,0.715255,30737,0.443797,0.602173,4868.0
1,0.015,0.841722,0.857715,0.737112,1.0,0.848664,0.72619,12231,4865,0,13641,0.284569,0.0,0.715431,30737,0.443797,0.602076,4865.0
2,0.02,0.841884,0.857861,0.737311,1.0,0.848796,0.726437,12236,4860,0,13641,0.284277,0.0,0.715723,30737,0.443797,0.601913,4860.0
3,0.025,0.84221,0.858154,0.73771,1.0,0.84906,0.72693,12246,4850,0,13641,0.283692,0.0,0.716308,30737,0.443797,0.601588,4850.0
4,0.03,0.842437,0.858359,0.73799,1.0,0.849245,0.727276,12253,4843,0,13641,0.283283,0.0,0.716717,30737,0.443797,0.60136,4843.0
5,0.035,0.842763,0.858651,0.738389,1.0,0.84951,0.727769,12263,4833,0,13641,0.282698,0.0,0.717302,30737,0.443797,0.601035,4833.0
6,0.04,0.84286,0.858739,0.738509,1.0,0.849589,0.727917,12266,4830,0,13641,0.282522,0.0,0.717478,30737,0.443797,0.600937,4830.0
7,0.045,0.842958,0.858812,0.738681,0.999853,0.84965,0.727996,12271,4825,2,13639,0.28223,0.000147,0.71777,30737,0.443797,0.600709,4865.0
8,0.05,0.843088,0.858929,0.738841,0.999853,0.849755,0.728193,12275,4821,2,13639,0.281996,0.000147,0.718004,30737,0.443797,0.600579,4861.0
9,0.055,0.843381,0.859185,0.739227,0.99978,0.849984,0.728603,12285,4811,3,13638,0.281411,0.00022,0.718589,30737,0.443797,0.600221,4871.0
10,0.06,0.843706,0.859477,0.739628,0.99978,0.850249,0.729098,12295,4801,3,13638,0.280826,0.00022,0.719174,30737,0.443797,0.599896,4861.0
11,0.065,0.844259,0.859974,0.74031,0.99978,0.8507,0.729938,12312,4784,3,13638,0.279832,0.00022,0.720168,30737,0.443797,0.599343,4844.0
12,0.07,0.844747,0.860413,0.740914,0.99978,0.851098,0.730681,12327,4769,3,13638,0.278954,0.00022,0.721046,30737,0.443797,0.598855,4829.0
13,0.075,0.845496,0.861063,0.74192,0.99956,0.851682,0.731717,12353,4743,6,13635,0.277433,0.00044,0.722567,30737,0.443797,0.597911,4863.0
14,0.08,0.846211,0.861692,0.742862,0.999414,0.852249,0.732739,12377,4719,8,13633,0.276029,0.000586,0.723971,30737,0.443797,0.597065,4879.0
15,0.085,0.84683,0.862225,0.743711,0.999194,0.852728,0.733581,12399,4697,11,13630,0.274743,0.000806,0.725257,30737,0.443797,0.596252,4917.0
16,0.09,0.847675,0.862964,0.744848,0.998974,0.853394,0.734771,12428,4668,14,13627,0.273046,0.001026,0.726954,30737,0.443797,0.595211,4948.0
17,0.095,0.848814,0.863972,0.74633,0.998827,0.854312,0.736447,12465,4631,16,13625,0.270882,0.001173,0.729118,30737,0.443797,0.593942,4951.0
18,0.1,0.849823,0.86485,0.747708,0.998534,0.855107,0.737859,12500,4596,20,13621,0.268835,0.001466,0.731165,30737,0.443797,0.592673,4996.0
19,0.105,0.851157,0.866019,0.749505,0.998241,0.856173,0.739776,12545,4551,24,13617,0.266203,0.001759,0.733797,30737,0.443797,0.591079,5031.0
20,0.11,0.85223,0.866954,0.750979,0.997947,0.857026,0.741297,12582,4514,28,13613,0.264038,0.002053,0.735962,30737,0.443797,0.589745,5074.0
21,0.115,0.853759,0.868277,0.753127,0.997434,0.858233,0.743428,12636,4460,35,13606,0.26088,0.002566,0.73912,30737,0.443797,0.587761,5160.0
22,0.12,0.855419,0.869724,0.75543,0.996994,0.859563,0.745802,12693,4403,41,13600,0.257546,0.003006,0.742454,30737,0.443797,0.585711,5223.0
23,0.125,0.856622,0.87071,0.757358,0.996041,0.860454,0.747256,12743,4353,54,13587,0.254621,0.003959,0.745379,30737,0.443797,0.583661,5433.0
24,0.13,0.858249,0.872135,0.75962,0.995675,0.861775,0.749632,12798,4298,59,13582,0.251404,0.004325,0.748596,30737,0.443797,0.581709,5478.0
25,0.135,0.859648,0.873363,0.761568,0.995382,0.862917,0.751691,12845,4251,63,13578,0.248655,0.004618,0.751345,30737,0.443797,0.58005,5511.0
26,0.14,0.8616,0.875044,0.764437,0.994648,0.864479,0.75444,12915,4181,73,13568,0.24456,0.005352,0.75544,30737,0.443797,0.577447,5641.0
27,0.145,0.863162,0.876381,0.766782,0.993989,0.865726,0.756621,12972,4124,82,13559,0.241226,0.006011,0.758774,30737,0.443797,0.5753,5764.0
28,0.15,0.865049,0.878011,0.76958,0.993329,0.867256,0.759329,13039,4057,91,13550,0.237307,0.006671,0.762693,30737,0.443797,0.572828,5877.0
29,0.155,0.867261,0.879903,0.772969,0.992376,0.869038,0.762451,13120,3976,104,13537,0.232569,0.007624,0.767431,30737,0.443797,0.569769,6056.0
30,0.16,0.868627,0.880998,0.775394,0.991056,0.87006,0.764107,13180,3916,122,13519,0.229059,0.008944,0.770941,30737,0.443797,0.567232,6356.0
31,0.165,0.870352,0.882474,0.778079,0.990323,0.871464,0.766577,13243,3853,132,13509,0.225374,0.009677,0.774626,30737,0.443797,0.564857,6493.0
32,0.17,0.872401,0.884236,0.78127,0.989517,0.873148,0.769558,13317,3779,143,13498,0.221046,0.010483,0.778954,30737,0.443797,0.562091,6639.0
33,0.175,0.873638,0.885258,0.783387,0.988637,0.874125,0.77122,13367,3729,155,13486,0.218121,0.011363,0.781879,30737,0.443797,0.560074,6829.0
34,0.18,0.875329,0.88666,0.786294,0.987464,0.875471,0.773523,13435,3661,171,13470,0.214144,0.012536,0.785856,30737,0.443797,0.557341,7081.0
35,0.185,0.877347,0.888355,0.789693,0.986291,0.877111,0.776377,13513,3583,187,13454,0.209581,0.013709,0.790419,30737,0.443797,0.554283,7323.0
36,0.19,0.878973,0.889691,0.792603,0.985045,0.878408,0.778593,13580,3516,204,13437,0.205662,0.014955,0.794338,30737,0.443797,0.55155,7596.0
37,0.195,0.880112,0.890626,0.794661,0.984165,0.879319,0.780154,13627,3469,216,13425,0.202913,0.015835,0.797087,30737,0.443797,0.549631,7789.0
38,0.2,0.881739,0.891992,0.797479,0.983212,0.880659,0.782504,13690,3406,229,13412,0.199228,0.016788,0.800772,30737,0.443797,0.547158,7986.0
39,0.205,0.883235,0.893264,0.800024,0.982479,0.881914,0.784729,13746,3350,239,13402,0.195952,0.017521,0.804048,30737,0.443797,0.545011,8130.0
40,0.21,0.885025,0.894739,0.803313,0.98116,0.883374,0.787263,13819,3277,257,13384,0.191682,0.01884,0.808318,30737,0.443797,0.54205,8417.0
41,0.215,0.886912,0.896317,0.806711,0.979987,0.884946,0.790032,13893,3203,273,13368,0.187354,0.020013,0.812646,30737,0.443797,0.539122,8663.0
42,0.22,0.888408,0.897521,0.809668,0.978594,0.886152,0.792104,13958,3138,292,13349,0.183552,0.021406,0.816448,30737,0.443797,0.536389,8978.0
43,0.225,0.88984,0.898667,0.812557,0.977201,0.887306,0.794089,14021,3075,311,13330,0.179867,0.022799,0.820133,30737,0.443797,0.533722,9295.0
44,0.23,0.891336,0.899938,0.815227,0.976468,0.888592,0.796397,14077,3019,321,13320,0.176591,0.023532,0.823409,30737,0.443797,0.531574,9439.0
45,0.235,0.892703,0.901085,0.817757,0.975662,0.889758,0.798477,14130,2966,332,13309,0.173491,0.024338,0.826509,30737,0.443797,0.529492,9606.0
46,0.24,0.893874,0.902005,0.82028,0.974342,0.890698,0.800095,14184,2912,350,13291,0.170332,0.025658,0.829668,30737,0.443797,0.52715,9912.0
47,0.245,0.89511,0.902983,0.822928,0.973023,0.891703,0.80184,14240,2856,368,13273,0.167057,0.026977,0.832943,30737,0.443797,0.524742,10216.0
48,0.25,0.896249,0.903932,0.825121,0.972289,0.89268,0.803592,14285,2811,378,13263,0.164424,0.027711,0.835576,30737,0.443797,0.522953,10371.0
49,0.255,0.897257,0.90475,0.827205,0.97141,0.893527,0.805092,14328,2768,390,13251,0.161909,0.02859,0.838091,30737,0.443797,0.521163,10568.0
50,0.26,0.898006,0.905304,0.829053,0.970237,0.894106,0.806077,14367,2729,406,13235,0.159628,0.029763,0.840372,30737,0.443797,0.519374,10849.0
51,0.265,0.899209,0.90629,0.83152,0.969284,0.895132,0.807916,14417,2679,419,13222,0.156703,0.030716,0.843297,30737,0.443797,0.517324,11059.0
52,0.27,0.900446,0.907335,0.833891,0.968624,0.896222,0.809896,14464,2632,428,13213,0.153954,0.031376,0.846046,30737,0.443797,0.515502,11192.0
53,0.275,0.901389,0.908094,0.83593,0.967744,0.89702,0.811324,14505,2591,440,13201,0.151556,0.032256,0.848444,30737,0.443797,0.513778,11391.0
54,0.28,0.902235,0.908751,0.837908,0.966718,0.897716,0.812556,14545,2551,454,13187,0.149216,0.033282,0.850784,30737,0.443797,0.512021,11631.0
55,0.285,0.903341,0.909642,0.840329,0.965692,0.898659,0.814254,14593,2503,468,13173,0.146409,0.034308,0.853591,30737,0.443797,0.510004,11863.0
56,0.29,0.904155,0.910276,0.84224,0.964739,0.899337,0.815466,14631,2465,481,13160,0.144186,0.035261,0.855814,30737,0.443797,0.508345,12085.0
57,0.295,0.905163,0.911079,0.844533,0.963712,0.900195,0.817016,14676,2420,495,13146,0.141554,0.036288,0.858446,30737,0.443797,0.506425,12320.0
58,0.3,0.906432,0.912109,0.847325,0.962613,0.901297,0.819023,14730,2366,510,13131,0.138395,0.037387,0.861605,30737,0.443797,0.504181,12566.0
59,0.305,0.907018,0.912539,0.848897,0.96166,0.901767,0.819861,14761,2335,523,13118,0.136582,0.03834,0.863418,30737,0.443797,0.502749,12795.0
60,0.31,0.908026,0.913349,0.851195,0.960707,0.902641,0.821461,14805,2291,536,13105,0.134008,0.039293,0.865992,30737,0.443797,0.500895,13011.0
61,0.315,0.90897,0.914064,0.85363,0.959387,0.903424,0.822883,14852,2244,554,13087,0.131259,0.040613,0.868741,30737,0.443797,0.49878,13324.0
62,0.32,0.909685,0.914604,0.855507,0.958361,0.904018,0.823966,14888,2208,568,13073,0.129153,0.041639,0.870847,30737,0.443797,0.497153,13568.0
63,0.325,0.910987,0.915626,0.858694,0.956895,0.905138,0.826032,14948,2148,588,13053,0.125643,0.043105,0.874357,30737,0.443797,0.494551,13908.0
64,0.33,0.911703,0.916091,0.86108,0.955135,0.905672,0.827007,14994,2102,612,13029,0.122953,0.044865,0.877047,30737,0.443797,0.492273,14342.0
65,0.335,0.912256,0.916433,0.863057,0.953596,0.90607,0.827742,15032,2064,633,13008,0.12073,0.046404,0.87927,30737,0.443797,0.490354,14724.0
66,0.34,0.912679,0.916709,0.86448,0.952569,0.90639,0.828337,15059,2037,647,12994,0.119151,0.047431,0.880849,30737,0.443797,0.48902,14977.0
67,0.345,0.913036,0.916861,0.866235,0.950883,0.906587,0.828711,15093,2003,670,12971,0.117162,0.049117,0.882838,30737,0.443797,0.487165,15403.0
68,0.35,0.91385,0.917488,0.868373,0.949857,0.907289,0.830037,15132,1964,684,12957,0.114881,0.050143,0.885119,30737,0.443797,0.485441,15644.0
69,0.355,0.914143,0.917588,0.869989,0.948244,0.907433,0.830324,15163,1933,706,12935,0.113067,0.051756,0.886933,30737,0.443797,0.483717,16053.0
70,0.36,0.915314,0.918545,0.872754,0.947291,0.908497,0.832343,15212,1884,719,12922,0.110201,0.052709,0.889799,30737,0.443797,0.4817,16264.0
71,0.365,0.915737,0.918755,0.874686,0.945605,0.908764,0.832883,15248,1848,742,12899,0.108095,0.054395,0.891905,30737,0.443797,0.47978,16688.0
72,0.37,0.915997,0.918833,0.876233,0.944066,0.908886,0.833153,15277,1819,763,12878,0.106399,0.055934,0.893601,30737,0.443797,0.478153,17079.0
73,0.375,0.91668,0.919351,0.878157,0.943113,0.909477,0.834299,15311,1785,776,12865,0.10441,0.056887,0.89559,30737,0.443797,0.476624,17305.0
74,0.38,0.917363,0.919876,0.880041,0.942233,0.910076,0.835463,15344,1752,788,12853,0.10248,0.057767,0.89752,30737,0.443797,0.47516,17512.0
75,0.385,0.917363,0.919691,0.881347,0.9404,0.909916,0.835234,15369,1727,813,12828,0.101018,0.0596,0.898982,30737,0.443797,0.473534,17987.0
76,0.39,0.918112,0.920216,0.883798,0.938934,0.910532,0.836467,15412,1684,833,12808,0.098503,0.061066,0.901497,30737,0.443797,0.471484,18344.0
77,0.395,0.918795,0.920719,0.88588,0.937834,0.911117,0.837632,15448,1648,848,12793,0.096397,0.062166,0.903603,30737,0.443797,0.469825,18608.0
78,0.4,0.919511,0.921281,0.887824,0.937028,0.911763,0.8389,15481,1615,859,12782,0.094467,0.062972,0.905533,30737,0.443797,0.468393,18795.0
79,0.405,0.919966,0.921587,0.889446,0.936002,0.91213,0.839657,15509,1587,873,12768,0.092829,0.063998,0.907171,30737,0.443797,0.467027,19047.0
80,0.41,0.920096,0.921563,0.890729,0.934609,0.912141,0.839765,15532,1564,892,12749,0.091483,0.065391,0.908517,30737,0.443797,0.46566,19404.0
81,0.415,0.920454,0.921751,0.892402,0.933289,0.912388,0.840322,15561,1535,910,12731,0.089787,0.066711,0.910213,30737,0.443797,0.464131,19735.0
82,0.42,0.921007,0.92213,0.894352,0.932116,0.912844,0.841274,15594,1502,926,12715,0.087857,0.067884,0.912143,30737,0.443797,0.462537,20022.0
83,0.425,0.92143,0.922391,0.896063,0.930943,0.91317,0.841985,15623,1473,942,12699,0.086161,0.069057,0.913839,30737,0.443797,0.461073,20313.0
84,0.43,0.921463,0.92228,0.897191,0.929551,0.913084,0.841933,15643,1453,961,12680,0.084991,0.070449,0.915009,30737,0.443797,0.459804,20673.0
85,0.435,0.922016,0.922651,0.899233,0.928304,0.913537,0.842904,15677,1419,978,12663,0.083002,0.071696,0.916998,30737,0.443797,0.458145,20979.0
86,0.44,0.922569,0.922993,0.901519,0.926765,0.913968,0.843865,15715,1381,999,12642,0.080779,0.073235,0.919221,30737,0.443797,0.456225,21361.0
87,0.445,0.922992,0.923269,0.903161,0.925739,0.914311,0.844618,15742,1354,1013,12628,0.0792,0.074261,0.9208,30737,0.443797,0.454891,21614.0
88,0.45,0.92322,0.923319,0.90483,0.924199,0.914412,0.844966,15770,1326,1034,12607,0.077562,0.075801,0.922438,30737,0.443797,0.453297,22006.0
89,0.455,0.923057,0.923017,0.905728,0.92266,0.914116,0.844557,15786,1310,1055,12586,0.076626,0.07734,0.923374,30737,0.443797,0.452094,22410.0
90,0.46,0.923252,0.923014,0.907528,0.9209,0.914165,0.844845,15816,1280,1079,12562,0.074871,0.0791,0.925129,30737,0.443797,0.450337,22860.0
91,0.465,0.923382,0.922954,0.90921,0.919141,0.914148,0.845015,15844,1252,1103,12538,0.073234,0.080859,0.926766,30737,0.443797,0.448645,23312.0
92,0.47,0.923773,0.923186,0.910956,0.917968,0.914448,0.845735,15872,1224,1119,12522,0.071596,0.082032,0.928404,30737,0.443797,0.447213,23604.0
93,0.475,0.924163,0.923389,0.912955,0.916502,0.914725,0.846451,15904,1192,1139,12502,0.069724,0.083498,0.930276,30737,0.443797,0.445522,23972.0
94,0.48,0.924326,0.923394,0.914439,0.915109,0.914774,0.846726,15928,1168,1158,12483,0.06832,0.084891,0.93168,30737,0.443797,0.444123,24328.0
95,0.485,0.924358,0.923253,0.915907,0.913423,0.914663,0.846741,15952,1144,1181,12460,0.066916,0.086577,0.933084,30737,0.443797,0.442594,24764.0
96,0.49,0.924131,0.9229,0.916661,0.911957,0.914303,0.846249,15965,1131,1201,12440,0.066156,0.088043,0.933844,30737,0.443797,0.44152,25151.0
97,0.495,0.923935,0.922525,0.917918,0.909977,0.91393,0.845815,15986,1110,1228,12413,0.064927,0.090023,0.935073,30737,0.443797,0.439958,25670.0
98,0.5,0.92361,0.922047,0.918787,0.908145,0.913435,0.84513,16001,1095,1253,12388,0.06405,0.091855,0.93595,30737,0.443797,0.438657,26155.0
99,0.505,0.923708,0.921957,0.920488,0.906385,0.913382,0.845303,16028,1068,1277,12364,0.062471,0.093615,0.937529,30737,0.443797,0.436998,26608.0
100,0.51,0.92335,0.921435,0.921428,0.904406,0.912838,0.844564,16044,1052,1304,12337,0.061535,0.095594,0.938465,30737,0.443797,0.435599,27132.0
101,0.515,0.923545,0.921426,0.923423,0.902573,0.912879,0.844954,16075,1021,1329,12312,0.059722,0.097427,0.940278,30737,0.443797,0.433777,27601.0
102,0.52,0.923512,0.921197,0.925075,0.900594,0.91267,0.844892,16101,995,1356,12285,0.058201,0.099406,0.941799,30737,0.443797,0.432053,28115.0
103,0.525,0.92348,0.921019,0.92629,0.899128,0.912507,0.844836,16120,976,1376,12265,0.057089,0.100872,0.942911,30737,0.443797,0.430784,28496.0
104,0.53,0.92335,0.920732,0.927495,0.897442,0.912221,0.844588,16139,957,1399,12242,0.055978,0.102558,0.944022,30737,0.443797,0.429417,28937.0
105,0.535,0.923382,0.920628,0.928734,0.896122,0.912137,0.844675,16158,938,1417,12224,0.054867,0.103878,0.945133,30737,0.443797,0.428214,29278.0
106,0.54,0.923675,0.920765,0.930483,0.894876,0.912332,0.845301,16184,912,1434,12207,0.053346,0.105124,0.946654,30737,0.443797,0.426815,29592.0
107,0.545,0.923675,0.920587,0.932063,0.893116,0.912174,0.845343,16208,888,1458,12183,0.051942,0.106884,0.948058,30737,0.443797,0.425253,30048.0
108,0.55,0.923545,0.920278,0.933502,0.89121,0.911866,0.845129,16230,866,1484,12157,0.050655,0.10879,0.949345,30737,0.443797,0.423691,30546.0
109,0.555,0.922992,0.919536,0.934484,0.888791,0.911065,0.844062,16246,850,1517,12124,0.049719,0.111209,0.950281,30737,0.443797,0.422097,31190.0
110,0.56,0.923057,0.919409,0.93631,0.886958,0.910966,0.844269,16273,823,1542,12099,0.04814,0.113042,0.95186,30737,0.443797,0.420405,31663.0
111,0.565,0.923024,0.919217,0.937728,0.885346,0.910784,0.844271,16294,802,1564,12077,0.046912,0.114654,0.953088,30737,0.443797,0.419006,32082.0
112,0.57,0.922959,0.918996,0.939082,0.883733,0.910567,0.844212,16314,782,1586,12055,0.045742,0.116267,0.954258,30737,0.443797,0.41764,32502.0
113,0.575,0.922699,0.918539,0.940555,0.881534,0.910089,0.843781,16336,760,1616,12025,0.044455,0.118466,0.955545,30737,0.443797,0.415948,33080.0
114,0.58,0.922406,0.918106,0.941481,0.879848,0.909621,0.843261,16350,746,1639,12002,0.043636,0.120152,0.956364,30737,0.443797,0.414744,33526.0
115,0.585,0.922276,0.917833,0.942644,0.878308,0.909339,0.84308,16367,729,1660,11981,0.042642,0.121692,0.957358,30737,0.443797,0.413508,33929.0
116,0.59,0.922146,0.917538,0.944023,0.876549,0.909036,0.842919,16387,709,1684,11957,0.041472,0.123451,0.958528,30737,0.443797,0.412077,34389.0
117,0.595,0.921886,0.917134,0.945043,0.874863,0.908599,0.842484,16402,694,1707,11934,0.040594,0.125137,0.959406,30737,0.443797,0.41084,34834.0
118,0.6,0.921788,0.916883,0.946373,0.87325,0.908342,0.842395,16421,675,1729,11912,0.039483,0.12675,0.960517,30737,0.443797,0.409506,35255.0
119,0.605,0.921463,0.916391,0.94754,0.87127,0.907806,0.841854,16438,658,1756,11885,0.038489,0.12873,0.961511,30737,0.443797,0.408075,35778.0
120,0.61,0.92117,0.915935,0.94872,0.869364,0.90731,0.841384,16455,641,1782,11859,0.037494,0.130636,0.962506,30737,0.443797,0.406676,36281.0
121,0.615,0.920714,0.915326,0.949599,0.867385,0.906632,0.840577,16468,628,1809,11832,0.036734,0.132615,0.963266,30737,0.443797,0.405375,36808.0
122,0.62,0.920422,0.914892,0.950576,0.865699,0.906154,0.840099,16482,614,1832,11809,0.035915,0.134301,0.964085,30737,0.443797,0.404171,37254.0
123,0.625,0.919966,0.914268,0.951612,0.863573,0.905457,0.839317,16497,599,1861,11780,0.035037,0.136427,0.964963,30737,0.443797,0.402739,37819.0
124,0.63,0.919771,0.913937,0.952686,0.862034,0.905095,0.839046,16512,584,1882,11759,0.03416,0.137966,0.96584,30737,0.443797,0.401568,38224.0
125,0.635,0.919738,0.913752,0.954154,0.860494,0.904907,0.839133,16532,564,1903,11738,0.03299,0.139506,0.96701,30737,0.443797,0.400234,38624.0
126,0.64,0.919446,0.913355,0.954786,0.859175,0.904461,0.838637,16541,555,1921,11720,0.032464,0.140825,0.967536,30737,0.443797,0.399356,38975.0
127,0.645,0.91912,0.912907,0.955566,0.857635,0.903956,0.838096,16552,544,1942,11699,0.03182,0.142365,0.96818,30737,0.443797,0.398315,39384.0
128,0.65,0.918535,0.912188,0.956098,0.855729,0.903133,0.837031,16560,536,1968,11673,0.031352,0.144271,0.968648,30737,0.443797,0.397209,39896.0
129,0.655,0.918372,0.911894,0.957204,0.854263,0.902808,0.836845,16575,521,1988,11653,0.030475,0.145737,0.969525,30737,0.443797,0.39607,40281.0
130,0.66,0.917917,0.911307,0.957908,0.852503,0.902137,0.836056,16585,511,2012,11629,0.02989,0.147497,0.97011,30737,0.443797,0.394964,40751.0
131,0.665,0.917526,0.910785,0.958698,0.850817,0.901542,0.835405,16596,500,2035,11606,0.029247,0.149183,0.970753,30737,0.443797,0.393858,41200.0
132,0.67,0.917038,0.910147,0.959559,0.848838,0.900809,0.83458,16608,488,2062,11579,0.028545,0.151162,0.971455,30737,0.443797,0.392589,41728.0
133,0.675,0.916843,0.90983,0.960532,0.847445,0.900452,0.834329,16621,475,2081,11560,0.027784,0.152555,0.972216,30737,0.443797,0.391548,42095.0
134,0.68,0.91655,0.909441,0.961116,0.846199,0.900004,0.833847,16629,467,2098,11543,0.027316,0.153801,0.972684,30737,0.443797,0.390734,42427.0
135,0.685,0.915997,0.908737,0.961908,0.844146,0.899188,0.8329,16640,456,2126,11515,0.026673,0.155854,0.973327,30737,0.443797,0.389465,42976.0
136,0.69,0.915607,0.908164,0.963264,0.841947,0.898529,0.832341,16658,438,2156,11485,0.02562,0.158053,0.97438,30737,0.443797,0.387904,43558.0
137,0.695,0.915314,0.907745,0.964172,0.840408,0.898046,0.831911,16670,426,2177,11464,0.024918,0.159592,0.975082,30737,0.443797,0.38683,43966.0
138,0.7,0.915021,0.907341,0.964927,0.839015,0.897577,0.831462,16680,416,2196,11445,0.024333,0.160985,0.975667,30737,0.443797,0.385887,44336.0
139,0.705,0.914403,0.906578,0.965578,0.836962,0.896682,0.830389,16689,407,2224,11417,0.023807,0.163038,0.976193,30737,0.443797,0.384683,44887.0
140,0.71,0.913915,0.905969,0.966166,0.835276,0.895966,0.829554,16697,399,2247,11394,0.023339,0.164724,0.976661,30737,0.443797,0.383674,45339.0
141,0.715,0.913655,0.905609,0.966856,0.83403,0.895545,0.829165,16706,390,2264,11377,0.022812,0.16597,0.977188,30737,0.443797,0.382829,45670.0
142,0.72,0.913297,0.905102,0.96794,0.832197,0.894951,0.828653,16720,376,2289,11352,0.021993,0.167803,0.978007,30737,0.443797,0.38156,46156.0
143,0.725,0.912744,0.904419,0.968534,0.830364,0.894143,0.827706,16728,368,2314,11327,0.021526,0.169636,0.978474,30737,0.443797,0.380486,46648.0
144,0.73,0.912125,0.903634,0.969447,0.828092,0.893212,0.826688,16740,356,2345,11296,0.020824,0.171908,0.979176,30737,0.443797,0.379087,47256.0
145,0.735,0.911768,0.903112,0.970712,0.826112,0.892594,0.826217,16756,340,2372,11269,0.019888,0.173888,0.980112,30737,0.443797,0.377688,47780.0
146,0.74,0.911117,0.902327,0.971231,0.824133,0.891656,0.825086,16763,333,2399,11242,0.019478,0.175867,0.980522,30737,0.443797,0.376582,48313.0
147,0.745,0.910629,0.901718,0.971847,0.822447,0.890927,0.824276,16771,325,2422,11219,0.01901,0.177553,0.98099,30737,0.443797,0.375573,48765.0
148,0.75,0.909783,0.900728,0.972193,0.820174,0.889737,0.822758,16776,320,2453,11188,0.018718,0.179826,0.981282,30737,0.443797,0.374402,49380.0
149,0.755,0.90923,0.900076,0.972481,0.818635,0.888951,0.821777,16780,316,2474,11167,0.018484,0.181365,0.981516,30737,0.443797,0.373589,49796.0
150,0.76,0.90897,0.899686,0.973535,0.817096,0.888481,0.82147,16793,303,2495,11146,0.017723,0.182904,0.982277,30737,0.443797,0.372483,50203.0
151,0.765,0.908677,0.89926,0.974593,0.815483,0.887966,0.821107,16806,290,2517,11124,0.016963,0.184517,0.983037,30737,0.443797,0.371344,50630.0
152,0.77,0.907961,0.898409,0.975044,0.81343,0.886935,0.819859,16812,284,2545,11096,0.016612,0.18657,0.983388,30737,0.443797,0.370238,51184.0
153,0.775,0.907018,0.897272,0.975819,0.810571,0.885552,0.81825,16822,274,2584,11057,0.016027,0.189429,0.983973,30737,0.443797,0.368644,51954.0
154,0.78,0.90653,0.896655,0.976545,0.808812,0.884799,0.817478,16831,265,2608,11033,0.015501,0.191188,0.984499,30737,0.443797,0.36757,52425.0
155,0.785,0.906107,0.896127,0.977109,0.807346,0.884152,0.816799,16838,258,2628,11013,0.015091,0.192654,0.984909,30737,0.443797,0.366692,52818.0
156,0.79,0.905521,0.895415,0.977667,0.805513,0.88328,0.815822,16845,251,2653,10988,0.014682,0.194487,0.985318,30737,0.443797,0.365651,53311.0
157,0.795,0.90461,0.89433,0.978294,0.802874,0.881946,0.814261,16853,243,2689,10952,0.014214,0.197126,0.985786,30737,0.443797,0.364219,54023.0
158,0.8,0.903797,0.893369,0.97876,0.800601,0.880761,0.812853,16859,237,2720,10921,0.013863,0.199399,0.986137,30737,0.443797,0.363015,54637.0
159,0.805,0.903081,0.892518,0.979234,0.798548,0.879709,0.811629,16865,231,2748,10893,0.013512,0.201452,0.986488,30737,0.443797,0.361909,55191.0
160,0.81,0.90217,0.891448,0.9797,0.796056,0.878382,0.810049,16871,225,2782,10859,0.013161,0.203944,0.986839,30737,0.443797,0.360608,55865.0
161,0.815,0.901454,0.890604,0.980094,0.794077,0.877334,0.808815,16876,220,2809,10832,0.012869,0.205923,0.987131,30737,0.443797,0.359567,56400.0
162,0.82,0.900706,0.889717,0.980575,0.791951,0.876227,0.80754,16882,214,2838,10803,0.012518,0.208049,0.987482,30737,0.443797,0.358428,56974.0
163,0.825,0.900055,0.888917,0.981328,0.789825,0.875223,0.8065,16891,205,2867,10774,0.011991,0.210175,0.988009,30737,0.443797,0.357192,57545.0
164,0.83,0.899177,0.887883,0.98181,0.787406,0.873927,0.804994,16897,199,2900,10741,0.01164,0.212594,0.98836,30737,0.443797,0.355923,58199.0
165,0.835,0.898429,0.886966,0.982656,0.784986,0.872769,0.803801,16907,189,2933,10708,0.011055,0.215014,0.988945,30737,0.443797,0.354524,58849.0
166,0.84,0.897485,0.885851,0.983232,0.782347,0.871362,0.802202,16914,182,2969,10672,0.010646,0.217653,0.989354,30737,0.443797,0.353125,59562.0
167,0.845,0.896639,0.884816,0.984175,0.779635,0.870045,0.80086,16925,171,3006,10635,0.010002,0.220365,0.989998,30737,0.443797,0.351563,60291.0
168,0.85,0.895305,0.883284,0.984475,0.776336,0.868104,0.798505,16929,167,3051,10590,0.009768,0.223664,0.990232,30737,0.443797,0.349969,61187.0
169,0.855,0.893776,0.881494,0.985223,0.772231,0.86582,0.795895,16938,158,3107,10534,0.009242,0.227769,0.990758,30737,0.443797,0.347854,62298.0
170,0.86,0.8928,0.88035,0.985728,0.769592,0.864353,0.79424,16944,152,3143,10498,0.008891,0.230408,0.991109,30737,0.443797,0.346488,63012.0
171,0.865,0.892084,0.87947,0.986614,0.767246,0.863211,0.79314,16954,142,3175,10466,0.008306,0.232754,0.991694,30737,0.443797,0.345122,63642.0
172,0.87,0.890685,0.877886,0.986652,0.76402,0.86118,0.790627,16955,141,3219,10422,0.008248,0.23598,0.991752,30737,0.443797,0.343657,64521.0
173,0.875,0.88984,0.876881,0.987266,0.761601,0.859874,0.78924,16962,134,3252,10389,0.007838,0.238399,0.992162,30737,0.443797,0.342356,65174.0
174,0.88,0.888668,0.875547,0.987408,0.758815,0.85815,0.787166,16964,132,3290,10351,0.007721,0.241185,0.992279,30737,0.443797,0.341055,65932.0
175,0.885,0.886977,0.873589,0.988,0.75449,0.855599,0.784263,16971,125,3349,10292,0.007312,0.24551,0.992688,30737,0.443797,0.338908,67105.0
176,0.89,0.88548,0.871851,0.988607,0.750605,0.853321,0.781719,16978,118,3402,10239,0.006902,0.249395,0.993098,30737,0.443797,0.336955,68158.0
177,0.895,0.884016,0.87018,0.988841,0.747086,0.85113,0.779153,16981,115,3450,10191,0.006727,0.252914,0.993273,30737,0.443797,0.335296,69115.0
178,0.9,0.882259,0.868163,0.98926,0.742761,0.84847,0.776112,16986,110,3509,10132,0.006434,0.257239,0.993566,30737,0.443797,0.333214,70290.0
179,0.905,0.880275,0.865876,0.989869,0.737776,0.84543,0.772716,16993,103,3577,10064,0.006025,0.262224,0.993975,30737,0.443797,0.330774,71643.0
180,0.91,0.87868,0.863998,0.990887,0.733377,0.842903,0.770122,17004,92,3637,10004,0.005381,0.266623,0.994619,30737,0.443797,0.328464,72832.0
181,0.915,0.87624,0.861175,0.991801,0.727146,0.8391,0.766009,17014,82,3722,9919,0.004796,0.272854,0.995204,30737,0.443797,0.325373,74522.0
182,0.92,0.874191,0.858777,0.992939,0.721648,0.835831,0.762656,17026,70,3797,9844,0.004095,0.278352,0.995905,30737,0.443797,0.322543,76010.0
183,0.925,0.872109,0.856394,0.993394,0.71659,0.832588,0.759086,17031,65,3866,9775,0.003802,0.28341,0.996198,30737,0.443797,0.320135,77385.0
184,0.93,0.869701,0.853637,0.993951,0.710725,0.82881,0.754975,17037,59,3946,9695,0.003451,0.289275,0.996549,30737,0.443797,0.317337,78979.0
185,0.935,0.866838,0.850397,0.994101,0.704127,0.824357,0.749968,17039,57,4036,9605,0.003334,0.295873,0.996666,30737,0.443797,0.314344,80777.0
186,0.94,0.863975,0.847127,0.994666,0.697236,0.819808,0.745079,17045,51,4130,9511,0.002983,0.302764,0.997017,30737,0.443797,0.311091,82651.0
187,0.945,0.861405,0.844194,0.995144,0.691078,0.815696,0.740691,17050,46,4214,9427,0.002691,0.308922,0.997309,30737,0.443797,0.308195,84326.0
188,0.95,0.858054,0.840389,0.995514,0.683234,0.810329,0.734917,17054,42,4321,9320,0.002457,0.316766,0.997543,30737,0.443797,0.304584,86462.0
189,0.955,0.854215,0.836027,0.995993,0.674217,0.804109,0.728332,17059,37,4444,9197,0.002164,0.325783,0.997836,30737,0.443797,0.30042,88917.0
190,0.96,0.850538,0.831877,0.996052,0.66586,0.798155,0.721932,17060,36,4558,9083,0.002106,0.33414,0.997894,30737,0.443797,0.296678,91196.0
191,0.965,0.846537,0.827347,0.996329,0.656623,0.791569,0.715037,17063,33,4684,8957,0.00193,0.343377,0.99807,30737,0.443797,0.292481,93713.0
192,0.97,0.842372,0.822647,0.996388,0.647167,0.784676,0.707812,17064,32,4813,8828,0.001872,0.352833,0.998128,30737,0.443797,0.288252,96292.0
193,0.975,0.836842,0.816364,0.997118,0.634191,0.775283,0.698418,17071,25,4990,8651,0.001462,0.365809,0.998538,30737,0.443797,0.282266,99825.0
194,0.98,0.830302,0.808989,0.997167,0.619383,0.764131,0.687106,17072,24,5192,8449,0.001404,0.380617,0.998596,30737,0.443797,0.275661,103864.0
195,0.985,0.821388,0.798931,0.997315,0.59915,0.74858,0.67174,17074,22,5468,8173,0.001287,0.40085,0.998713,30737,0.443797,0.266617,109382.0
196,0.99,0.807366,0.783104,0.997679,0.56726,0.723279,0.647653,17078,18,5903,7738,0.001053,0.43274,0.998947,30737,0.443797,0.252334,118078.0
