group_type,group,n,accuracy,precision,recall,f1,roc_auc,pr_auc,fpr,fnr,tn,fp,fn,tp,recall_ci_low,recall_ci_high
proto,3pc,1,1.0,1.0,1.0,1.0,,,,0.0,0,0,0,1,0.20654329147389294,1.0
proto,a/n,1,1.0,1.0,1.0,1.0,,,,0.0,0,0,0,1,0.20654329147389294,1.0
proto,aes-sp3-d,1,1.0,1.0,1.0,1.0,,,,0.0,0,0,0,1,0.20654329147389294,1.0
proto,any,3,1.0,1.0,1.0,1.0,,,,0.0,0,0,0,3,0.43849391955098227,1.0
proto,argus,2,1.0,1.0,1.0,1.0,,,,0.0,0,0,0,2,0.34237195288961925,1.0
proto,aris,1,1.0,1.0,1.0,1.0,,,,0.0,0,0,0,1,0.20654329147389294,1.0
proto,arp,133,1.0,,,,,,0.0,,133,0,0,0,,
proto,ax.25,1,1.0,1.0,1.0,1.0,,,,0.0,0,0,0,1,0.20654329147389294,1.0
proto,bbn-rcc,2,1.0,1.0,1.0,1.0,,,,0.0,0,0,0,2,0.34237195288961925,1.0
proto,bna,1,1.0,1.0,1.0,1.0,,,,0.0,0,0,0,1,0.20654329147389294,1.0
proto,br-sat-mon,1,1.0,1.0,1.0,1.0,,,,0.0,0,0,0,1,0.20654329147389294,1.0
proto,cbt,2,1.0,1.0,1.0,1.0,,,,0.0,0,0,0,2,0.34237195288961925,1.0
proto,cftp,1,1.0,1.0,1.0,1.0,,,,0.0,0,0,0,1,0.20654329147389294,1.0
proto,chaos,2,1.0,1.0,1.0,1.0,,,,0.0,0,0,0,2,0.34237195288961925,1.0
proto,compaq-peer,1,1.0,1.0,1.0,1.0,,,,0.0,0,0,0,1,0.20654329147389294,1.0
proto,cphb,1,1.0,1.0,1.0,1.0,,,,0.0,0,0,0,1,0.20654329147389294,1.0
proto,cpnx,1,1.0,1.0,1.0,1.0,,,,0.0,0,0,0,1,0.20654329147389294,1.0
proto,crtp,1,1.0,1.0,1.0,1.0,,,,0.0,0,0,0,1,0.20654329147389294,1.0
proto,crudp,1,1.0,1.0,1.0,1.0,,,,0.0,0,0,0,1,0.20654329147389294,1.0
proto,dcn,2,1.0,1.0,1.0,1.0,,,,0.0,0,0,0,2,0.34237195288961925,1.0
proto,ddp,1,1.0,1.0,1.0,1.0,,,,0.0,0,0,0,1,0.20654329147389294,1.0
proto,ddx,1,1.0,1.0,1.0,1.0,,,,0.0,0,0,0,1,0.20654329147389294,1.0
proto,dgp,1,1.0,1.0,1.0,1.0,,,,0.0,0,0,0,1,0.20654329147389294,1.0
proto,egp,2,1.0,1.0,1.0,1.0,,,,0.0,0,0,0,2,0.34237195288961925,1.0
proto,eigrp,1,1.0,1.0,1.0,1.0,,,,0.0,0,0,0,1,0.20654329147389294,1.0
proto,emcon,3,1.0,1.0,1.0,1.0,,,,0.0,0,0,0,3,0.43849391955098227,1.0
proto,encap,1,1.0,1.0,1.0,1.0,,,,0.0,0,0,0,1,0.20654329147389294,1.0
proto,etherip,1,1.0,1.0,1.0,1.0,,,,0.0,0,0,0,1,0.20654329147389294,1.0
proto,fc,1,1.0,1.0,1.0,1.0,,,,0.0,0,0,0,1,0.20654329147389294,1.0
proto,fire,1,1.0,1.0,1.0,1.0,,,,0.0,0,0,0,1,0.20654329147389294,1.0
proto,ggp,2,1.0,1.0,1.0,1.0,,,,0.0,0,0,0,2,0.34237195288961925,1.0
proto,gmtp,1,1.0,1.0,1.0,1.0,,,,0.0,0,0,0,1,0.20654329147389294,1.0
proto,gre,3,1.0,1.0,1.0,1.0,,,,0.0,0,0,0,3,0.43849391955098227,1.0
proto,hmp,2,1.0,1.0,1.0,1.0,,,,0.0,0,0,0,2,0.34237195288961925,1.0
proto,i-nlsp,1,1.0,1.0,1.0,1.0,,,,0.0,0,0,0,1,0.20654329147389294,1.0
proto,iatp,1,1.0,1.0,1.0,1.0,,,,0.0,0,0,0,1,0.20654329147389294,1.0
proto,ib,1,1.0,1.0,1.0,1.0,,,,0.0,0,0,0,1,0.20654329147389294,1.0
proto,idpr,1,1.0,1.0,1.0,1.0,,,,0.0,0,0,0,1,0.20654329147389294,1.0
proto,idpr-cmtp,1,1.0,1.0,1.0,1.0,,,,0.0,0,0,0,1,0.20654329147389294,1.0
proto,idrp,1,1.0,1.0,1.0,1.0,,,,0.0,0,0,0,1,0.20654329147389294,1.0
proto,ifmp,1,1.0,1.0,1.0,1.0,,,,0.0,0,0,0,1,0.20654329147389294,1.0
proto,igmp,24,0.0,0.0,,0.0,,,1.0,,0,24,0,0,,
proto,igp,2,1.0,1.0,1.0,1.0,,,,0.0,0,0,0,2,0.34237195288961925,1.0
proto,il,1,1.0,1.0,1.0,1.0,,,,0.0,0,0,0,1,0.20654329147389294,1.0
proto,ip,2,1.0,1.0,1.0,1.0,,,,0.0,0,0,0,2,0.34237195288961925,1.0
proto,ipcomp,1,1.0,1.0,1.0,1.0,,,,0.0,0,0,0,1,0.20654329147389294,1.0
proto,ipcv,1,1.0,1.0,1.0,1.0,,,,0.0,0,0,0,1,0.20654329147389294,1.0
proto,ipip,1,1.0,1.0,1.0,1.0,,,,0.0,0,0,0,1,0.20654329147389294,1.0
proto,iplt,1,1.0,1.0,1.0,1.0,,,,0.0,0,0,0,1,0.20654329147389294,1.0
proto,ipnip,2,1.0,1.0,1.0,1.0,,,,0.0,0,0,0,2,0.34237195288961925,1.0
proto,ippc,1,1.0,1.0,1.0,1.0,,,,0.0,0,0,0,1,0.20654329147389294,1.0
proto,ipv6,2,1.0,1.0,1.0,1.0,,,,0.0,0,0,0,2,0.34237195288961925,1.0
proto,ipv6-frag,1,1.0,1.0,1.0,1.0,,,,0.0,0,0,0,1,0.20654329147389294,1.0
proto,ipv6-no,1,1.0,1.0,1.0,1.0,,,,0.0,0,0,0,1,0.20654329147389294,1.0
proto,ipv6-opts,1,1.0,1.0,1.0,1.0,,,,0.0,0,0,0,1,0.20654329147389294,1.0
proto,ipv6-route,1,1.0,1.0,1.0,1.0,,,,0.0,0,0,0,1,0.20654329147389294,1.0
proto,ipx-n-ip,1,1.0,1.0,1.0,1.0,,,,0.0,0,0,0,1,0.20654329147389294,1.0
proto,irtp,2,1.0,1.0,1.0,1.0,,,,0.0,0,0,0,2,0.34237195288961925,1.0
proto,isis,1,1.0,1.0,1.0,1.0,,,,0.0,0,0,0,1,0.20654329147389294,1.0
proto,iso-ip,1,1.0,1.0,1.0,1.0,,,,0.0,0,0,0,1,0.20654329147389294,1.0
proto,iso-tp4,2,1.0,1.0,1.0,1.0,,,,0.0,0,0,0,2,0.34237195288961925,1.0
proto,kryptolan,1,1.0,1.0,1.0,1.0,,,,0.0,0,0,0,1,0.20654329147389294,1.0
proto,l2tp,1,1.0,1.0,1.0,1.0,,,,0.0,0,0,0,1,0.20654329147389294,1.0
proto,larp,1,1.0,1.0,1.0,1.0,,,,0.0,0,0,0,1,0.20654329147389294,1.0
proto,leaf-1,2,1.0,1.0,1.0,1.0,,,,0.0,0,0,0,2,0.34237195288961925,1.0
proto,leaf-2,2,1.0,1.0,1.0,1.0,,,,0.0,0,0,0,2,0.34237195288961925,1.0
proto,merit-inp,1,1.0,1.0,1.0,1.0,,,,0.0,0,0,0,1,0.20654329147389294,1.0
proto,mfe-nsp,1,1.0,1.0,1.0,1.0,,,,0.0,0,0,0,1,0.20654329147389294,1.0
proto,mhrp,1,1.0,1.0,1.0,1.0,,,,0.0,0,0,0,1,0.20654329147389294,1.0
proto,micp,1,1.0,1.0,1.0,1.0,,,,0.0,0,0,0,1,0.20654329147389294,1.0
proto,mobile,2,1.0,1.0,1.0,1.0,,,,0.0,0,0,0,2,0.34237195288961925,1.0
proto,mtp,1,1.0,1.0,1.0,1.0,,,,0.0,0,0,0,1,0.20654329147389294,1.0
proto,mux,2,1.0,1.0,1.0,1.0,,,,0.0,0,0,0,2,0.34237195288961925,1.0
proto,narp,1,1.0,1.0,1.0,1.0,,,,0.0,0,0,0,1,0.20654329147389294,1.0
proto,netblt,2,1.0,1.0,1.0,1.0,,,,0.0,0,0,0,2,0.34237195288961925,1.0
proto,nsfnet-igp,1,1.0,1.0,1.0,1.0,,,,0.0,0,0,0,1,0.20654329147389294,1.0
proto,nvp,3,1.0,1.0,1.0,1.0,,,,0.0,0,0,0,3,0.43849391955098227,1.0
proto,ospf,51,1.0,1.0,1.0,1.0,1.0,1.0,0.0,0.0,20,0,0,31,0.889740999265246,0.9999999999999999
proto,pgm,1,1.0,1.0,1.0,1.0,,,,0.0,0,0,0,1,0.20654329147389294,1.0
proto,pim,2,1.0,1.0,1.0,1.0,,,,0.0,0,0,0,2,0.34237195288961925,1.0
proto,pipe,1,1.0,1.0,1.0,1.0,,,,0.0,0,0,0,1,0.20654329147389294,1.0
proto,pnni,1,1.0,1.0,1.0,1.0,,,,0.0,0,0,0,1,0.20654329147389294,1.0
proto,pri-enc,1,1.0,1.0,1.0,1.0,,,,0.0,0,0,0,1,0.20654329147389294,1.0
proto,prm,2,1.0,1.0,1.0,1.0,,,,0.0,0,0,0,2,0.34237195288961925,1.0
proto,ptp,1,1.0,1.0,1.0,1.0,,,,0.0,0,0,0,1,0.20654329147389294,1.0
proto,pup,2,1.0,1.0,1.0,1.0,,,,0.0,0,0,0,2,0.34237195288961925,1.0
proto,pvp,1,1.0,1.0,1.0,1.0,,,,0.0,0,0,0,1,0.20654329147389294,1.0
proto,qnx,1,1.0,1.0,1.0,1.0,,,,0.0,0,0,0,1,0.20654329147389294,1.0
proto,rdp,2,1.0,1.0,1.0,1.0,,,,0.0,0,0,0,2,0.34237195288961925,1.0
proto,rsvp,2,1.0,1.0,1.0,1.0,,,,0.0,0,0,0,2,0.34237195288961925,1.0
proto,rvd,1,1.0,1.0,1.0,1.0,,,,0.0,0,0,0,1,0.20654329147389294,1.0
proto,sat-expak,1,1.0,1.0,1.0,1.0,,,,0.0,0,0,0,1,0.20654329147389294,1.0
proto,sat-mon,1,1.0,1.0,1.0,1.0,,,,0.0,0,0,0,1,0.20654329147389294,1.0
proto,sccopmce,1,1.0,1.0,1.0,1.0,,,,0.0,0,0,0,1,0.20654329147389294,1.0
proto,scps,1,1.0,1.0,1.0,1.0,,,,0.0,0,0,0,1,0.20654329147389294,1.0
proto,sctp,14,1.0,1.0,1.0,1.0,,,,0.0,0,0,0,14,0.7846829880728186,1.0
proto,sdrp,1,1.0,1.0,1.0,1.0,,,,0.0,0,0,0,1,0.20654329147389294,1.0
proto,secure-vmtp,2,1.0,1.0,1.0,1.0,,,,0.0,0,0,0,2,0.34237195288961925,1.0
proto,sep,2,1.0,1.0,1.0,1.0,,,,0.0,0,0,0,2,0.34237195288961925,1.0
proto,skip,1,1.0,1.0,1.0,1.0,,,,0.0,0,0,0,1,0.20654329147389294,1.0
proto,sm,1,1.0,1.0,1.0,1.0,,,,0.0,0,0,0,1,0.20654329147389294,1.0
proto,smp,1,1.0,1.0,1.0,1.0,,,,0.0,0,0,0,1,0.20654329147389294,1.0
proto,snp,2,1.0,1.0,1.0,1.0,,,,0.0,0,0,0,2,0.34237195288961925,1.0
proto,sprite-rpc,1,1.0,1.0,1.0,1.0,,,,0.0,0,0,0,1,0.20654329147389294,1.0
proto,sps,1,1.0,1.0,1.0,1.0,,,,0.0,0,0,0,1,0.20654329147389294,1.0
proto,srp,1,1.0,1.0,1.0,1.0,,,,0.0,0,0,0,1,0.20654329147389294,1.0
proto,st2,2,1.0,1.0,1.0,1.0,,,,0.0,0,0,0,2,0.34237195288961925,1.0
proto,stp,1,1.0,1.0,1.0,1.0,,,,0.0,0,0,0,1,0.20654329147389294,1.0
proto,sun-nd,2,1.0,1.0,1.0,1.0,,,,0.0,0,0,0,2,0.34237195288961925,1.0
proto,swipe,2,1.0,1.0,1.0,1.0,,,,0.0,0,0,0,2,0.34237195288961925,1.0
proto,tcf,1,1.0,1.0,1.0,1.0,,,,0.0,0,0,0,1,0.20654329147389294,1.0
proto,tcp,40467,0.8282056984703585,0.674744452754924,0.9692715421531409,0.7956255879586077,0.9700458099386964,0.9523354638879963,0.24609522372293066,0.030728457846859108,19983,6523,429,13532,0.9662771347139879,0.9720077649872735
proto,tlsp,1,1.0,1.0,1.0,1.0,,,,0.0,0,0,0,1,0.20654329147389294,1.0
proto,tp++,1,1.0,1.0,1.0,1.0,,,,0.0,0,0,0,1,0.20654329147389294,1.0
proto,trunk-1,2,1.0,1.0,1.0,1.0,,,,0.0,0,0,0,2,0.34237195288961925,1.0
proto,trunk-2,2,1.0,1.0,1.0,1.0,,,,0.0,0,0,0,2,0.34237195288961925,1.0
proto,ttp,1,1.0,1.0,1.0,1.0,,,,0.0,0,0,0,1,0.20654329147389294,1.0
proto,udp,11778,0.8122771268466633,0.6858888392191924,0.9781130471738206,0.806341420688447,0.9661127612434689,0.9582470159266842,0.2980769230769231,0.021886952826179345,4964,2108,103,4603,0.9735262253355957,0.9819199196048202
proto,unas,104,1.0,1.0,1.0,1.0,,,,0.0,0,0,0,104,0.9643773831248793,0.9999999999999999
proto,uti,1,1.0,1.0,1.0,1.0,,,,0.0,0,0,0,1,0.20654329147389294,1.0
proto,vines,1,1.0,1.0,1.0,1.0,,,,0.0,0,0,0,1,0.20654329147389294,1.0
proto,visa,1,1.0,1.0,1.0,1.0,,,,0.0,0,0,0,1,0.20654329147389294,1.0
proto,vmtp,2,1.0,1.0,1.0,1.0,,,,0.0,0,0,0,2,0.34237195288961925,1.0
proto,vrrp,1,1.0,1.0,1.0,1.0,,,,0.0,0,0,0,1,0.20654329147389294,1.0
proto,wb-expak,1,1.0,1.0,1.0,1.0,,,,0.0,0,0,0,1,0.20654329147389294,1.0
proto,wb-mon,1,1.0,1.0,1.0,1.0,,,,0.0,0,0,0,1,0.20654329147389294,1.0
proto,wsn,1,1.0,1.0,1.0,1.0,,,,0.0,0,0,0,1,0.20654329147389294,1.0
proto,xnet,2,1.0,1.0,1.0,1.0,,,,0.0,0,0,0,2,0.34237195288961925,1.0
proto,xns-idp,2,1.0,1.0,1.0,1.0,,,,0.0,0,0,0,2,0.34237195288961925,1.0
proto,xtp,1,1.0,1.0,1.0,1.0,,,,0.0,0,0,0,1,0.20654329147389294,1.0
proto,zero,1,1.0,1.0,1.0,1.0,,,,0.0,0,0,0,1,0.20654329147389294,1.0
service,-,34118,0.7715868456533208,0.5558125380401704,0.9485821128077283,0.7009248954215758,0.9393698985469007,0.8782309725057798,0.2979870156383978,0.051417887192271736,17193,7298,495,9132,0.9439887403456256,0.9528176197548249
service,dhcp,13,1.0,1.0,1.0,1.0,,,,0.0,0,0,0,13,0.7718981569447083,1.0
service,dns,5848,0.999829001367989,0.9996501049685095,1.0,0.999825021872266,0.9999980105992929,0.9999979122134006,0.00033433634236041456,0.0,2990,1,0,2857,0.9986571783631781,1.0
service,ftp,1291,0.731990704879938,0.6134751773049646,0.9646840148698885,0.75,0.9350405071165152,0.9274384490643068,0.4342629482071713,0.03531598513011153,426,327,19,519,0.9455024120274297,0.9772764960519796
service,ftp-data,1177,1.0,1.0,1.0,1.0,1.0,1.0,0.0,0.0,949,0,0,228,0.9834300660450928,1.0
service,http,7891,0.8675706501077176,0.801007556675063,0.9956647398843931,0.8877912595296897,0.988620634658067,0.9902710653969131,0.2746723722920567,0.004335260115606936,2712,1027,18,4134,0.993157161388431,0.9972559477156312
service,irc,5,1.0,1.0,1.0,1.0,,,,0.0,0,0,0,5,0.5655085052479191,1.0000000000000002
service,pop3,381,1.0,1.0,1.0,1.0,,,,0.0,0,0,0,381,0.9900177111829908,1.0000000000000002
service,radius,6,0.6666666666666666,0.6666666666666666,1.0,0.8,0.625,0.8541666666666666,1.0,0.0,0,2,0,4,0.5100999795960008,1.0
service,smtp,1759,1.0,1.0,1.0,1.0,1.0,1.0,0.0,0.0,630,0,0,1129,0.9966088815947435,0.9999999999999999
service,snmp,15,1.0,1.0,1.0,1.0,,,,0.0,0,0,0,15,0.7961107336956521,1.0
service,ssh,204,1.0,1.0,1.0,1.0,1.0,1.0,0.0,0.0,200,0,0,4,0.5100999795960008,1.0
service,ssl,30,1.0,1.0,1.0,1.0,,,,0.0,0,0,0,30,0.8864829086095221,1.0
state,ACC,4,1.0,1.0,1.0,1.0,1.0,1.0,0.0,0.0,2,0,0,2,0.34237195288961925,1.0
state,CLO,1,1.0,1.0,1.0,1.0,,,,0.0,0,0,0,1,0.20654329147389294,1.0
state,CON,6687,0.9986541049798116,0.9788359788359788,0.9736842105263158,0.9762532981530343,0.9999084597749568,0.9967484860068162,0.0006156687702016315,0.02631578947368421,6493,4,5,185,0.9398848416107961,0.9887084015320586
state,FIN,37314,0.81414482499866,0.6741241241241241,0.9694810336140502,0.7952646650724766,0.9663540493768679,0.9524752919430894,0.2779983775244439,0.03051896638594976,16910,6511,424,13469,0.9664883970583257,0.9722141063939697
state,INT,7580,0.7063324538258575,0.6921850079744817,0.9788804592987492,0.8109393579072532,0.913559239875863,0.9604733167021017,0.7854236034036256,0.02111954070125077,580,2123,103,4774,0.9744521590813376,0.9825549275653588
state,REQ,1151,0.9860990443092963,0.5555555555555556,1.0,0.7142857142857143,0.998496905393457,0.9335029051408364,0.014146772767462422,0.0,1115,16,0,20,0.8388698745050667,1.0
state,RST,1,0.0,0.0,,0.0,,,1.0,,0,1,0,0,,
attack_cat,Analysis,294,0.9421768707482994,1.0,0.9421768707482994,0.9702276707530648,,,,0.05782312925170068,0,0,17,277,0.9093588163013961,0.9635884147099874
attack_cat,Backdoor,70,1.0,1.0,1.0,1.0,,,,0.0,0,0,0,70,0.9479751251327163,0.9999999999999999
attack_cat,DoS,1186,0.9949409780775716,1.0,0.9949409780775716,0.9974640743871513,,,,0.00505902192242833,0,0,6,1180,0.9890065231075568,0.9976794357629349
attack_cat,Exploits,7085,0.9926605504587156,1.0,0.9926605504587156,0.996316758747698,,,,0.007339449541284404,0,0,52,7033,0.9903886981765833,0.9943984354504398
attack_cat,Fuzzers,4335,0.8957324106113034,1.0,0.8957324106113034,0.9449987831589195,,,,0.10426758938869665,0,0,452,3883,0.88628174231452,0.9044823178438413
attack_cat,Generic,3381,0.9997042295178941,1.0,0.9997042295178941,0.9998520928856678,,,,0.0002957704821058858,0,0,1,3380,0.9983263993920148,0.999947788682251
attack_cat,Normal,33755,0.7435935416975263,0.0,,0.0,,,0.2564064583024737,,25100,8655,0,0,,
attack_cat,Reconnaissance,2224,0.9995503597122302,1.0,0.9995503597122302,0.9997751293006522,,,,0.0004496402877697842,0,0,1,2223,0.9974572854499265,0.9999206250801574
attack_cat,Shellcode,365,0.9917808219178083,1.0,0.9917808219178083,0.9958734525447043,,,,0.00821917808219178,0,0,3,362,0.9761166139322225,0.9972009294251428
attack_cat,Worms,43,1.0,1.0,1.0,1.0,,,,0.0,0,0,0,43,0.9179874299767729,1.0
