threshold,n,accuracy,precision,recall,f1,roc_auc,pr_auc,fpr,fnr,tn,fp,fn,tp
0.01,20163,0.8920299558597431,0.8186890980261514,1.0,0.9003068187022026,0.9855602781397765,0.9829170824861801,0.2106842156198587,0.0,8156,2177,0,9830
0.02,20163,0.8958488320190447,0.8239731768650461,1.0,0.9034926470588235,0.9855602781397765,0.9829170824861801,0.20323236233426883,0.0,8233,2100,0,9830
0.03,20163,0.8973863016416208,0.8261198420035297,1.0,0.9047816282387593,0.9855602781397765,0.9829170824861801,0.20023226555695345,0.0,8264,2069,0,9830
0.04,20163,0.8982294301443238,0.8273018010435954,1.0,0.9054900515843773,0.9855602781397765,0.9829170824861801,0.19858705119519984,0.0,8281,2052,0,9830
0.05,20163,0.8986757922928136,0.8279289143434684,1.0,0.9058655485416762,0.9855602781397765,0.9829170824861801,0.1977160553566244,0.0,8290,2043,0,9830
0.060000000000000005,20163,0.8990725586470267,0.8284871470712178,1.0,0.9061995851578705,0.9855602781397765,0.9829170824861801,0.19694183683344624,0.0,8298,2035,0,9830
0.06999999999999999,20163,0.8994197292069632,0.8289762185866082,1.0,0.9064920693471044,0.9855602781397765,0.9829170824861801,0.19626439562566533,0.0,8305,2028,0,9830
0.08,20163,0.8996677081783465,0.8293259090525605,1.0,0.9067011022459992,0.9855602781397765,0.9829170824861801,0.195780509048679,0.0,8310,2023,0,9830
0.09,20163,0.9002628577096662,0.8301663710835233,1.0,0.9072031747496655,0.9855602781397765,0.9829170824861801,0.19461918126391173,0.0,8322,2011,0,9830
0.09999999999999999,20163,0.9006100282696028,0.8306574277505493,1.0,0.9074963072378139,0.9855602781397765,0.9829170824861801,0.19394174005613085,0.0,8329,2004,0,9830
0.11,20163,0.9010067946238159,0.8312193472010824,1.0,0.907831547838936,0.9855602781397765,0.9829170824861801,0.19316752153295266,0.0,8337,1996,0,9830
0.12,20163,0.9013539651837524,0.8317116507318724,1.0,0.9081250866090812,0.9855602781397765,0.9829170824861801,0.1924900803251718,0.0,8344,1989,0,9830
0.13,20163,0.9018995189207956,0.8324864498644986,1.0,0.9085867455402532,0.9855602781397765,0.9829170824861801,0.1914255298558018,0.0,8355,1978,0,9830
0.14,20163,0.9022962852750087,0.8330508474576271,1.0,0.908922792417938,0.9855602781397765,0.9829170824861801,0.19065131133262364,0.0,8363,1970,0,9830
0.15000000000000002,20163,0.9026930516292219,0.8336160108548168,1.0,0.9092590879659606,0.9855602781397765,0.9829170824861801,0.18987709280944545,0.0,8371,1962,0,9830
0.16,20163,0.9032882011605415,0.8345219901511293,0.9998982706002034,0.9097556460570159,0.9855602781397765,0.9829170824861801,0.18861898770928096,0.0001017293997965412,8384,1949,1,9829
0.17,20163,0.9035857759262015,0.8350611828687967,0.9996948118006104,0.9099916658949903,0.9855602781397765,0.9829170824861801,0.18784476918610277,0.0003051881993896236,8392,1941,3,9827
0.18000000000000002,20163,0.904081733868968,0.8358285130996937,0.9995930824008138,0.9104048920596683,0.9855602781397765,0.9829170824861801,0.1867802187167328,0.0004069175991861648,8403,1930,4,9826
0.19,20163,0.9046768834002876,0.8366825613079019,0.9995930824008138,0.9109112820988227,0.9855602781397765,0.9829170824861801,0.18561889093196554,0.0004069175991861648,8415,1918,4,9826
0.2,20163,0.9052720329316074,0.8375959079283888,0.9994913530010173,0.9114100185528757,0.9855602781397765,0.9829170824861801,0.18436078583180102,0.000508646998982706,8428,1905,5,9825
0.21000000000000002,20163,0.9064623319942469,0.8395452214053685,0.9990844354018311,0.9123931623931624,0.9855602781397765,0.9829170824861801,0.18165102100067745,0.0009155645981688708,8456,1877,9,9821
0.22,20163,0.9070574815255666,0.8407572383073497,0.9984740590030519,0.9128534226190477,0.9855602781397765,0.9829170824861801,0.17990902932352656,0.001525940996948118,8474,1859,15,9815
0.23,20163,0.9080989932053762,0.8426252040202732,0.9978636826042726,0.9136975455265242,0.9855602781397765,0.9829170824861801,0.17729604180780026,0.0021363173957273654,8501,1832,21,9809
0.24000000000000002,20163,0.9094380796508456,0.8448810754912099,0.9973550356052899,0.9148082485770271,0.9855602781397765,0.9829170824861801,0.1741991677150876,0.002644964394710071,8533,1800,26,9804
0.25,20163,0.910082824976442,0.8461272774371816,0.9968463886063073,0.9153238989304563,0.9855602781397765,0.9829170824861801,0.1724571760379367,0.0031536113936927773,8551,1782,31,9799
0.26,20163,0.9113227198333581,0.8483798301854099,0.9961342828077314,0.9163391353172375,0.9855602781397765,0.9829170824861801,0.16936030194522403,0.0038657171922685655,8583,1750,38,9792
0.27,20163,0.913008976838764,0.851374869474417,0.9953204476093591,0.9177375480724135,0.9855602781397765,0.9829170824861801,0.16529565469853866,0.0046795523906408955,8625,1708,46,9784
0.28,20163,0.9137033179586371,0.8529668411867365,0.9944048830111902,0.918271488961954,0.9855602781397765,0.9829170824861801,0.16306977644440143,0.005595116988809766,8648,1685,55,9775
0.29000000000000004,20163,0.9152407875812131,0.8559656351363198,0.9932858596134283,0.919527240194001,0.9855602781397765,0.9829170824861801,0.15900512919771606,0.0067141403865717195,8690,1643,66,9764
0.3,20163,0.9164310866438526,0.8585262787217185,0.9920651068158698,0.9204776063051583,0.9855602781397765,0.9829170824861801,0.1555211458434143,0.007934893184130213,8726,1607,78,9752
0.31,20163,0.9172742151465556,0.860257768361582,0.991353001017294,0.9211645713205407,0.9855602781397765,0.9829170824861801,0.1531984902738798,0.008646998982706003,8750,1583,85,9745
0.32,20163,0.9178197688835986,0.8625676514949872,0.9890132248219735,0.9214729159755461,0.9855602781397765,0.9829170824861801,0.1499080615503726,0.01098677517802645,8784,1549,108,9722
0.33,20163,0.9188116847691316,0.8644897232849897,0.9884028484231943,0.9223029094878732,0.9855602781397765,0.9829170824861801,0.14739185135004354,0.011597151576805697,8810,1523,114,9716
0.34,20163,0.9202003670088776,0.8677641585398587,0.9866734486266531,0.9234064835531014,0.9855602781397765,0.9829170824861801,0.14303687215716637,0.013326551373346898,8855,1478,131,9699
0.35000000000000003,20163,0.9216386450429004,0.8712871287128713,0.9847405900305188,0.9245463228271251,0.9855602781397765,0.9829170824861801,0.13839156101809735,0.015259409969481181,8903,1430,150,9680
0.36000000000000004,20163,0.92253136933988,0.8738469886055344,0.9830111902339776,0.9252202221371122,0.9855602781397765,0.9829170824861801,0.1350043549791929,0.01698880976602238,8938,1395,167,9663
0.37,20163,0.9238208599910728,0.8770685579196218,0.9812817904374365,0.9262531207989245,0.9855602781397765,0.9829170824861801,0.13084293041711023,0.018718209562563582,8981,1352,184,9646
0.38,20163,0.9248623716708823,0.8801316631617445,0.9792472024415056,0.9270477199402899,0.9855602781397765,0.9829170824861801,0.12687506048582212,0.020752797558494403,9022,1311,204,9626
0.39,20163,0.9260526707335218,0.8833318010480831,0.9774160732451679,0.9279953638866084,0.9855602781397765,0.9829170824861801,0.12281041323913675,0.022583926754832145,9064,1269,222,9608
0.4,20163,0.9270941824133313,0.8864644970414202,0.9753814852492371,0.9287997675094449,0.9855602781397765,0.9829170824861801,0.11884254330784864,0.02461851475076297,9105,1228,242,9588
0.41000000000000003,20163,0.9277885235332044,0.8888372956909361,0.9736520854526959,0.9293135255850082,0.9855602781397765,0.9829170824861801,0.11584244653053324,0.02634791454730417,9136,1197,259,9571
0.42000000000000004,20163,0.9282844814759709,0.8909718336131319,0.9718209562563581,0.929641884001557,0.9855602781397765,0.9829170824861801,0.11313268169940965,0.028179043743641913,9164,1169,277,9553
0.43,20163,0.9289788225958439,0.8938285499906209,0.9694811800610377,0.9301190708569198,0.9855602781397765,0.9829170824861801,0.10955192102971063,0.030518819938962362,9201,1132,300,9530
0.44,20163,0.9300699300699301,0.8969451254007166,0.9677517802644965,0.9310041103934233,0.9855602781397765,0.9829170824861801,0.10577760572921707,0.03224821973550356,9240,1093,317,9513
0.45,20163,0.9308634627783564,0.8996588971006254,0.9659206510681587,0.9316130298273155,0.9855602781397765,0.9829170824861801,0.10248717700570986,0.0340793489318413,9274,1059,335,9495
0.46,20163,0.9307146753955264,0.9017627441638876,0.962767039674466,0.9312669126691266,0.9855602781397765,0.9829170824861801,0.09977741217458627,0.03723296032553408,9302,1031,366,9464
0.47000000000000003,20163,0.9305162922184199,0.9040360464001533,0.9593082400813835,0.9308523764868466,0.9855602781397765,0.9829170824861801,0.09687409271266816,0.04069175991861648,9332,1001,400,9430
0.48000000000000004,20163,0.9308138669840798,0.9064276765924641,0.9568667344862666,0.9309645172464988,0.9855602781397765,0.9829170824861801,0.09397077325075003,0.04313326551373347,9362,971,424,9406
0.49,20163,0.9309626543669097,0.9092937524253007,0.9535096642929807,0.9308769490515444,0.9855602781397765,0.9829170824861801,0.09048678989644827,0.046490335707019326,9398,935,457,9373
0.5,20163,0.9314586123096762,0.9121779859484778,0.9509664292980672,0.9311684430720192,0.9855602781397765,0.9829170824861801,0.0870995838575438,0.04903357070193286,9433,900,482,9348
0.51,20163,0.931756187075336,0.9147370486656201,0.9484231943031536,0.9312755968434722,0.9855602781397765,0.9829170824861801,0.0840994870802284,0.05157680569684639,9464,869,507,9323
0.52,20163,0.932599315578039,0.9180732405488106,0.9461851475076297,0.9319172386152998,0.9855602781397765,0.9829170824861801,0.08032517177973483,0.053814852492370294,9503,830,529,9301
0.53,20163,0.9326489113723156,0.9212410501193318,0.9424211597151577,0.9317107512823092,0.9855602781397765,0.9829170824861801,0.07664763379463854,0.05757884028484232,9541,792,566,9264
0.54,20163,0.9323513366066557,0.9236389111289032,0.9388606307222788,0.9311875693673696,0.9855602781397765,0.9829170824861801,0.07384109164811768,0.06113936927772126,9570,763,601,9229
0.55,20163,0.9321529534295492,0.9266841468334006,0.9347914547304171,0.9307201458523245,0.9855602781397765,0.9829170824861801,0.07035710829381593,0.0652085452695829,9606,727,641,9189
0.56,20163,0.9310618459554629,0.9283394234673162,0.9304170905391658,0.9293770958235952,0.9855602781397765,0.9829170824861801,0.06832478467047325,0.06958290946083417,9627,706,684,9146
0.5700000000000001,20163,0.9315082081039527,0.9318205049575795,0.9273652085452696,0.9295875184826391,0.9855602781397765,0.9829170824861801,0.06455046936997967,0.07263479145473041,9666,667,714,9116
0.5800000000000001,20163,0.9303179090413133,0.9339651797671783,0.9222787385554425,0.928085171725444,0.9855602781397765,0.9829170824861801,0.062034259169650635,0.07772126144455747,9692,641,764,9066
0.59,20163,0.9301195258642068,0.9363664628458908,0.9191251271617498,0.9276656912572514,0.9855602781397765,0.9829170824861801,0.05942127165392432,0.08087487283825025,9719,614,795,9035
0.6,20163,0.9292763973615037,0.9385305781673972,0.914852492370295,0.9265402843601895,0.9855602781397765,0.9829170824861801,0.05700183876899255,0.08514750762970498,9744,589,837,8993
0.61,20163,0.9283836730645241,0.9410898379970545,0.9100712105798576,0.9253206454282168,0.9855602781397765,0.9829170824861801,0.05419529662247169,0.08992878942014242,9773,560,884,8946
0.62,20163,0.9279373109160344,0.9432744205736057,0.9067141403865717,0.9246330203848747,0.9855602781397765,0.9829170824861801,0.05187264105293719,0.09328585961342828,9797,536,917,8913
0.63,20163,0.9271933740018846,0.946020908896949,0.9021363173957274,0.9235575921682982,0.9855602781397765,0.9829170824861801,0.04896932159101906,0.09786368260427264,9827,506,962,8868
0.64,20163,0.9262014581163517,0.9474361724951728,0.8984740590030519,0.9223057644110275,0.9855602781397765,0.9829170824861801,0.04742088454466273,0.10152594099694812,9843,490,998,8832
0.65,20163,0.9253087338193721,0.949848681366191,0.893997965412004,0.9210774551933759,0.9855602781397765,0.9829170824861801,0.044904674344333685,0.10600203458799592,9869,464,1042,8788
0.66,20163,0.9238208599910728,0.9515461672473867,0.8890132248219735,0.9192174187440834,0.9855602781397765,0.9829170824861801,0.04306590535178554,0.11098677517802645,9888,445,1091,8739
0.67,20163,0.9226305609284333,0.9534985742487387,0.8844354018311292,0.9176694110196327,0.9855602781397765,0.9829170824861801,0.041033581728442854,0.1155645981688708,9909,424,1136,8694
0.68,20163,0.9214402618657938,0.9558823529411765,0.8794506612410987,0.9160750238423228,0.9855602781397765,0.9829170824861801,0.03861414884351108,0.12054933875890132,9934,399,1185,8645
0.6900000000000001,20163,0.9205971333630908,0.9583379748245516,0.8751780264496439,0.9148721220822035,0.9855602781397765,0.9829170824861801,0.03619471595857931,0.12482197355035606,9959,374,1227,8603
0.7000000000000001,20163,0.9190100679462382,0.959937156323645,0.8701932858596134,0.9128648417907262,0.9855602781397765,0.9829170824861801,0.0345495015968257,0.12980671414038658,9976,357,1276,8554
0.7100000000000001,20163,0.9177205772950454,0.9616905865069499,0.8657171922685656,0.9111836822099684,0.9855602781397765,0.9829170824861801,0.03280750991967483,0.1342828077314344,9994,339,1320,8510
0.72,20163,0.916381490849576,0.9638869902027797,0.8607324516785351,0.9093938091143594,0.9855602781397765,0.9829170824861801,0.03067840898093487,0.1392675483214649,10016,317,1369,8461
0.73,20163,0.9144968506670634,0.9653272101033296,0.8553407934893185,0.9070118662351672,0.9855602781397765,0.9829170824861801,0.029226749249975807,0.1446592065106816,10031,302,1422,8408
0.74,20163,0.912463423101721,0.9671029769489169,0.8493387589013225,0.9044034013973894,0.9855602781397765,0.9829170824861801,0.02748475757282493,0.1506612410986775,10049,284,1481,8349
0.75,20163,0.9096364628279522,0.9680851063829787,0.8424211597151576,0.9008920800696257,0.9855602781397765,0.9829170824861801,0.02642020710345495,0.15757884028484231,10060,273,1549,8281
0.76,20163,0.9073054604969498,0.9696755162241888,0.8360122075279756,0.8978967495219885,0.9855602781397765,0.9829170824861801,0.024871770057098615,0.1639877924720244,10076,257,1612,8218
0.77,20163,0.9045280960174578,0.9712650530583046,0.8286876907426246,0.8943294724707691,0.9855602781397765,0.9829170824861801,0.023323333010742284,0.1713123092573754,10092,241,1684,8146
0.78,20163,0.9012051778009225,0.9727382388419783,0.8203458799593082,0.8900662251655629,0.9855602781397765,0.9829170824861801,0.02187167327978322,0.17965412004069176,10107,226,1766,8064
0.79,20163,0.8978822595843873,0.974477958236659,0.8118006103763988,0.8857317276208446,0.9855602781397765,0.9829170824861801,0.020226458918029613,0.18819938962360122,10124,209,1850,7980
0.8,20163,0.8939641918365323,0.9761079475117603,0.8021363173957273,0.8806120169756534,0.9855602781397765,0.9829170824861801,0.018678021871673278,0.19786368260427264,10140,193,1945,7885
0.81,20163,0.8902941030600605,0.9773182957393484,0.7933875890132248,0.8758001122964627,0.9855602781397765,0.9829170824861801,0.01751669408690603,0.20661241098677519,10152,181,2031,7799
0.8200000000000001,20163,0.8861776521350989,0.9786558251810443,0.7836215666327568,0.8703463081181854,0.9855602781397765,0.9829170824861801,0.01625858898674151,0.21637843336724313,10165,168,2127,7703
0.8300000000000001,20163,0.8829043297128404,0.9801980198019802,0.7754832146490336,0.8659056057249958,0.9855602781397765,0.9829170824861801,0.014903706571179716,0.22451678535096642,10179,154,2207,7623
0.8400000000000001,20163,0.877498388136686,0.9823066841415465,0.7624618514750763,0.8585337915234822,0.9855602781397765,0.9829170824861801,0.013064937578631568,0.2375381485249237,10198,135,2335,7495
0.85,20163,0.8725884045032981,0.9838731174196987,0.7509664292980671,0.851785611261755,0.9855602781397765,0.9829170824861801,0.011710055163069777,0.24903357070193285,10212,121,2448,7382
0.86,20163,0.8686703367554431,0.9865853658536585,0.7406917599186165,0.8461359674607786,0.9855602781397765,0.9829170824861801,0.009580954224329818,0.25930824008138353,10234,99,2549,7281
0.87,20163,0.8645042900362049,0.988036303630363,0.7309257375381485,0.8402526020348497,0.9855602781397765,0.9829170824861801,0.008419626439562566,0.26907426246185145,10246,87,2645,7185
0.88,20163,0.8598918811684769,0.9891076665270213,0.7205493387589014,0.8337355070331351,0.9855602781397765,0.9829170824861801,0.007548630600987129,0.2794506612410987,10255,78,2747,7083
0.89,20163,0.8550810891236423,0.9916026188442927,0.7087487283825026,0.8266492643569056,0.9855602781397765,0.9829170824861801,0.005709861608438982,0.2912512716174975,10274,59,2863,6967
0.9,20163,0.8491295938104448,0.9925979680696662,0.6957273652085453,0.8180622009569378,0.9855602781397765,0.9829170824861801,0.004935643085260815,0.3042726347914547,10282,51,2991,6839
0.91,20163,0.842682140554481,0.9930390995260664,0.6820956256358087,0.8087082378482692,0.9855602781397765,0.9829170824861801,0.004548533823671731,0.3179043743641913,10286,47,3125,6705
0.92,20163,0.8351435798244309,0.9939265107804434,0.6659206510681587,0.797514619883041,0.9855602781397765,0.9829170824861801,0.0038710926158908353,0.3340793489318413,10293,40,3284,6546
0.93,20163,0.8282497644199772,0.9947163947163947,0.6511698880976602,0.7870888410697817,0.9855602781397765,0.9829170824861801,0.00329042872350721,0.34883011190233976,10299,34,3429,6401
0.9400000000000001,20163,0.8197192878043942,0.9955207166853304,0.6330620549338759,0.7739568434798831,0.9855602781397765,0.9829170824861801,0.002709764831123585,0.3669379450661241,10305,28,3607,6223
0.9500000000000001,20163,0.8107424490403213,0.995877308707124,0.6143438453713123,0.7599093997734995,0.9855602781397765,0.9829170824861801,0.002419432884931772,0.3856561546286877,10308,25,3791,6039
0.9600000000000001,20163,0.7991866289738631,0.9960528573880213,0.5904374364191252,0.7413936258542505,0.9855602781397765,0.9829170824861801,0.00222587825413723,0.4095625635808749,10310,23,4026,5804
0.97,20163,0.7835639537767197,0.9965479651162791,0.5579857578840285,0.7154036781009522,0.9855602781397765,0.9829170824861801,0.0018387689925481467,0.4420142421159715,10314,19,4345,5485
0.98,20163,0.7607002926151862,0.9968235060551915,0.5107833163784333,0.6754557072711375,0.9855602781397765,0.9829170824861801,0.001548437046356334,0.4892166836215666,10317,16,4809,5021
0.99,20163,0.71303873431533,0.9972946384653222,0.4125127161749746,0.5836211859527922,0.9855602781397765,0.9829170824861801,0.0010645504693699798,0.5874872838250255,10322,11,5775,4055
